TimeCreated,id,Symbol,Name,Sector,Deleted,Info,TimeDeleted,TimeModified,Creator
2019-12-30 19:30:30.083803,1,MM,3M Company,Industrials,0,,,2019-12-30 19:30:30.107017,
019-12-30 19:30:30.083803,2,OS,A.O. Smith Corp,Industrials,0,,,2019-12-30 19:30:30.107017,
019-12-30 19:30:30.083803,3,BT,Abbott Laboratories,Health Care,0,,,2019-12-30 19:30:30.107017,
019-12-30 19:30:30.083803,4,BBV,AbbVie Inc.,Health Care,0,,,2019-12-30 19:30:30.107017,
019-12-30 19:30:30.083803,5,CN,Accenture plc,Information Technology,0,,,2019-12-30 19:30:30.107017,
019-12-30 19:30:30.083803,6,TVI,Activision Blizzard,Information Technology,0,,,2019-12-30 19:30:30.107017,
019-12-30 19:30:30.083803,7,YI,Acuity Brands Inc,Industrials,0,,,2019-12-30 19:30:30.107017,
019-12-30 19:30:30.083803,8,DBE,Adobe Systems Inc,Information Technology,0,,,2019-12-30 19:30:30.107017,
019-12-30 19:30:30.083803,9,AP,Advance Auto Parts,Consumer Discretionary,0,,,2019-12-30 19:30:30.107017,
019-12-30 19:30:30.083803,10,MD,Advanced Micro Devices Inc,Information Technology,0,,,2019-12-30 19:30:30.107017,
019-12-30 19:30:30.083803,11,ES,AES Corp,Utilities,0,,,2019-12-30 19:30:30.107017,
019-12-30 19:30:30.083803,12,ET,Aetna Inc,Health Care,0,,,2019-12-30 19:30:30.107017,
019-12-30 19:30:30.083803,13,MG,Affiliated Managers Group Inc,Financials,0,,,2019-12-30 19:30:30.107017,
019-12-30 19:30:30.083803,14,FL,AFLAC Inc,Financials,0,,,2019-12-30 19:30:30.107017,
019-12-30 19:30:30.083803,15,A,Agilent Technologies Inc,Health Care,0,,,2019-12-30 19:30:30.107017,
019-12-30 19:30:30.083803,16,PD,Air Products & Chemicals Inc,Materials,0,,,2019-12-30 19:30:30.107017,
019-12-30 19:30:30.083803,17,KAM,Akamai Technologies Inc,Information Technology,0,,,2019-12-30 19:30:30.107017,
019-12-30 19:30:30.083803,18,LK,Alaska Air Group Inc,Industrials,0,,,2019-12-30 19:30:30.107017,
019-12-30 19:30:30.083803,19,LB,Albemarle Corp,Materials,0,,,2019-12-30 19:30:30.107017,
019-12-30 19:30:30.083803,20,RE,Alexandria Real Estate Equities Inc,Real Estate,0,,,2019-12-30 19:30:30.107017,
019-12-30 19:30:30.083803,21,LXN,Alexion Pharmaceuticals,Health Care,0,,,2019-12-30 19:30:30.107017,
019-12-30 19:30:30.083803,22,LGN,Align Technology,Health Care,0,,,2019-12-30 19:30:30.107017,
019-12-30 19:30:30.083803,23,LLE,Allegion,Industrials,0,,,2019-12-30 19:30:30.107017,
019-12-30 19:30:30.083803,24,GN,"Allergan, Plc",Health Care,0,,,2019-12-30 19:30:30.107017,
019-12-30 19:30:30.083803,25,DS,Alliance Data Systems,Information Technology,0,,,2019-12-30 19:30:30.107017,
019-12-30 19:30:30.083803,26,NT,Alliant Energy Corp,Utilities,0,,,2019-12-30 19:30:30.107017,
019-12-30 19:30:30.083803,27,LL,Allstate Corp,Financials,0,,,2019-12-30 19:30:30.107017,
019-12-30 19:30:30.083803,28,OOGL,Alphabet Inc Class A,Information Technology,0,,,2019-12-30 19:30:30.107017,
019-12-30 19:30:30.083803,29,OOG,Alphabet Inc Class C,Information Technology,0,,,2019-12-30 19:30:30.107017,
019-12-30 19:30:30.083803,30,O,Altria Group Inc,Consumer Staples,0,,,2019-12-30 19:30:30.107017,
019-12-30 19:30:30.083803,31,MZN,Amazon.com Inc.,Consumer Discretionary,0,,,2019-12-30 19:30:30.107017,
019-12-30 19:30:30.083803,32,EE,Ameren Corp,Utilities,0,,,2019-12-30 19:30:30.107017,
019-12-30 19:30:30.083803,33,AL,American Airlines Group,Industrials,0,,,2019-12-30 19:30:30.107017,
019-12-30 19:30:30.083803,34,EP,American Electric Power,Utilities,0,,,2019-12-30 19:30:30.107017,
019-12-30 19:30:30.083803,35,XP,American Express Co,Financials,0,,,2019-12-30 19:30:30.107017,
019-12-30 19:30:30.083803,36,IG,"American International Group, Inc.",Financials,0,,,2019-12-30 19:30:30.107017,
019-12-30 19:30:30.083803,37,MT,American Tower Corp A,Real Estate,0,,,2019-12-30 19:30:30.107017,
019-12-30 19:30:30.083803,38,WK,American Water Works Company Inc,Utilities,0,,,2019-12-30 19:30:30.107017,
019-12-30 19:30:30.083803,39,MP,Ameriprise Financial,Financials,0,,,2019-12-30 19:30:30.107017,
019-12-30 19:30:30.083803,40,BC,AmerisourceBergen Corp,Health Care,0,,,2019-12-30 19:30:30.107017,
019-12-30 19:30:30.083803,41,ME,AMETEK Inc.,Industrials,0,,,2019-12-30 19:30:30.107017,
019-12-30 19:30:30.083803,42,MGN,Amgen Inc.,Health Care,0,,,2019-12-30 19:30:30.107017,
019-12-30 19:30:30.083803,43,PH,Amphenol Corp,Information Technology,0,,,2019-12-30 19:30:30.107017,
019-12-30 19:30:30.083803,44,PC,Anadarko Petroleum Corp,Energy,0,,,2019-12-30 19:30:30.107017,
019-12-30 19:30:30.083803,45,DI,"Analog Devices, Inc.",Information Technology,0,,,2019-12-30 19:30:30.107017,
019-12-30 19:30:30.083803,46,NDV,Andeavor,Energy,0,,,2019-12-30 19:30:30.107017,
019-12-30 19:30:30.083803,47,NSS,ANSYS,Information Technology,0,,,2019-12-30 19:30:30.107017,
019-12-30 19:30:30.083803,48,NTM,Anthem Inc.,Health Care,0,,,2019-12-30 19:30:30.107017,
019-12-30 19:30:30.083803,49,ON,Aon plc,Financials,0,,,2019-12-30 19:30:30.107017,
019-12-30 19:30:30.083803,50,PA,Apache Corporation,Energy,0,,,2019-12-30 19:30:30.107017,
019-12-30 19:30:30.083803,51,IV,Apartment Investment & Management,Real Estate,0,,,2019-12-30 19:30:30.107017,
019-12-30 19:30:30.083803,52,APL,Apple Inc.,Information Technology,0,,,2019-12-30 19:30:30.107017,
019-12-30 19:30:30.083803,53,MAT,Applied Materials Inc.,Information Technology,0,,,2019-12-30 19:30:30.107017,
019-12-30 19:30:30.083803,54,PTV,Aptiv Plc,Consumer Discretionary,0,,,2019-12-30 19:30:30.107017,
019-12-30 19:30:30.083803,55,DM,Archer-Daniels-Midland Co,Consumer Staples,0,,,2019-12-30 19:30:30.107017,
019-12-30 19:30:30.083803,56,RNC,Arconic Inc.,Industrials,0,,,2019-12-30 19:30:30.107017,
019-12-30 19:30:30.083803,57,JG,Arthur J. Gallagher & Co.,Financials,0,,,2019-12-30 19:30:30.107017,
019-12-30 19:30:30.083803,58,IZ,Assurant Inc.,Financials,0,,,2019-12-30 19:30:30.107017,
019-12-30 19:30:30.083803,59,,AT&T Inc.,Telecommunication Services,0,,,2019-12-30 19:30:30.107017,
019-12-30 19:30:30.083803,60,DSK,Autodesk Inc.,Information Technology,0,,,2019-12-30 19:30:30.107017,
019-12-30 19:30:30.083803,61,DP,Automatic Data Processing,Information Technology,0,,,2019-12-30 19:30:30.107017,
019-12-30 19:30:30.083803,62,ZO,AutoZone Inc,Consumer Discretionary,0,,,2019-12-30 19:30:30.107017,
019-12-30 19:30:30.083803,63,VB,"AvalonBay Communities, Inc.",Real Estate,0,,,2019-12-30 19:30:30.107017,
019-12-30 19:30:30.083803,64,VY,Avery Dennison Corp,Materials,0,,,2019-12-30 19:30:30.107017,
019-12-30 19:30:30.083803,65,HGE,"Baker Hughes, a GE Company",Energy,0,,,2019-12-30 19:30:30.107017,
019-12-30 19:30:30.083803,66,LL,Ball Corp,Materials,0,,,2019-12-30 19:30:30.107017,
019-12-30 19:30:30.083803,67,AC,Bank of America Corp,Financials,0,,,2019-12-30 19:30:30.107017,
019-12-30 19:30:30.083803,68,AX,Baxter International Inc.,Health Care,0,,,2019-12-30 19:30:30.107017,
019-12-30 19:30:30.083803,69,BT,BB&T Corporation,Financials,0,,,2019-12-30 19:30:30.107017,
019-12-30 19:30:30.083803,70,DX,Becton Dickinson,Health Care,0,,,2019-12-30 19:30:30.107017,
019-12-30 19:30:30.083803,71,RK.B,Berkshire Hathaway,Financials,0,,,2019-12-30 19:30:30.107017,
019-12-30 19:30:30.083803,72,BY,Best Buy Co. Inc.,Consumer Discretionary,0,,,2019-12-30 19:30:30.107017,
019-12-30 19:30:30.083803,73,IIB,Biogen Inc.,Health Care,0,,,2019-12-30 19:30:30.107017,
019-12-30 19:30:30.083803,74,LK,BlackRock,Financials,0,,,2019-12-30 19:30:30.107017,
019-12-30 19:30:30.083803,75,RB,Block H&R,Financials,0,,,2019-12-30 19:30:30.107017,
019-12-30 19:30:30.083803,76,A,Boeing Company,Industrials,0,,,2019-12-30 19:30:30.107017,
019-12-30 19:30:30.083803,77,KNG,Booking Holdings Inc,Consumer Discretionary,0,,,2019-12-30 19:30:30.107017,
019-12-30 19:30:30.083803,78,WA,BorgWarner,Consumer Discretionary,0,,,2019-12-30 19:30:30.107017,
019-12-30 19:30:30.083803,79,XP,Boston Properties,Real Estate,0,,,2019-12-30 19:30:30.107017,
019-12-30 19:30:30.083803,80,SX,Boston Scientific,Health Care,0,,,2019-12-30 19:30:30.107017,
019-12-30 19:30:30.083803,81,HF,Brighthouse Financial Inc,Financials,0,,,2019-12-30 19:30:30.107017,
019-12-30 19:30:30.083803,82,MY,Bristol-Myers Squibb,Health Care,0,,,2019-12-30 19:30:30.107017,
019-12-30 19:30:30.083803,83,VGO,Broadcom,Information Technology,0,,,2019-12-30 19:30:30.107017,
019-12-30 19:30:30.083803,84,F.B,Brown-Forman Corp.,Consumer Staples,0,,,2019-12-30 19:30:30.107017,
019-12-30 19:30:30.083803,85,HRW,C. H. Robinson Worldwide,Industrials,0,,,2019-12-30 19:30:30.107017,
019-12-30 19:30:30.083803,86,A,"CA, Inc.",Information Technology,0,,,2019-12-30 19:30:30.107017,
019-12-30 19:30:30.083803,87,OG,Cabot Oil & Gas,Energy,0,,,2019-12-30 19:30:30.107017,
019-12-30 19:30:30.083803,88,DNS,Cadence Design Systems,Information Technology,0,,,2019-12-30 19:30:30.107017,
019-12-30 19:30:30.083803,89,PB,Campbell Soup,Consumer Staples,0,,,2019-12-30 19:30:30.107017,
019-12-30 19:30:30.083803,90,OF,Capital One Financial,Financials,0,,,2019-12-30 19:30:30.107017,
019-12-30 19:30:30.083803,91,AH,Cardinal Health Inc.,Health Care,0,,,2019-12-30 19:30:30.107017,
019-12-30 19:30:30.083803,92,MX,Carmax Inc,Consumer Discretionary,0,,,2019-12-30 19:30:30.107017,
019-12-30 19:30:30.083803,93,CL,Carnival Corp.,Consumer Discretionary,0,,,2019-12-30 19:30:30.107017,
019-12-30 19:30:30.083803,94,AT,Caterpillar Inc.,Industrials,0,,,2019-12-30 19:30:30.107017,
019-12-30 19:30:30.083803,95,BOE,Cboe Global Markets,Financials,0,,,2019-12-30 19:30:30.107017,
019-12-30 19:30:30.083803,96,BRE,CBRE Group,Real Estate,0,,,2019-12-30 19:30:30.107017,
019-12-30 19:30:30.083803,97,BS,CBS Corp.,Consumer Discretionary,0,,,2019-12-30 19:30:30.107017,
019-12-30 19:30:30.083803,98,ELG,Celgene Corp.,Health Care,0,,,2019-12-30 19:30:30.107017,
019-12-30 19:30:30.083803,99,NC,Centene Corporation,Health Care,0,,,2019-12-30 19:30:30.107017,
019-12-30 19:30:30.083803,100,NP,CenterPoint Energy,Utilities,0,,,2019-12-30 19:30:30.107017,
019-12-30 19:30:30.083803,101,TL,CenturyLink Inc,Telecommunication Services,0,,,2019-12-30 19:30:30.107017,
019-12-30 19:30:30.083803,102,ERN,Cerner,Health Care,0,,,2019-12-30 19:30:30.107017,
019-12-30 19:30:30.083803,103,F,CF Industries Holdings Inc,Materials,0,,,2019-12-30 19:30:30.107017,
019-12-30 19:30:30.083803,104,CHW,Charles Schwab Corporation,Financials,0,,,2019-12-30 19:30:30.107017,
019-12-30 19:30:30.083803,105,HTR,Charter Communications,Consumer Discretionary,0,,,2019-12-30 19:30:30.107017,
019-12-30 19:30:30.083803,106,VX,Chevron Corp.,Energy,0,,,2019-12-30 19:30:30.107017,
019-12-30 19:30:30.083803,107,MG,Chipotle Mexican Grill,Consumer Discretionary,0,,,2019-12-30 19:30:30.107017,
019-12-30 19:30:30.083803,108,B,Chubb Limited,Financials,0,,,2019-12-30 19:30:30.107017,
019-12-30 19:30:30.083803,109,HD,Church & Dwight,Consumer Staples,0,,,2019-12-30 19:30:30.107017,
019-12-30 19:30:30.083803,110,I,CIGNA Corp.,Health Care,0,,,2019-12-30 19:30:30.107017,
019-12-30 19:30:30.083803,111,EC,Cimarex Energy,Energy,0,,,2019-12-30 19:30:30.107017,
019-12-30 19:30:30.083803,112,INF,Cincinnati Financial,Financials,0,,,2019-12-30 19:30:30.107017,
019-12-30 19:30:30.083803,113,TAS,Cintas Corporation,Industrials,0,,,2019-12-30 19:30:30.107017,
019-12-30 19:30:30.083803,114,SCO,Cisco Systems,Information Technology,0,,,2019-12-30 19:30:30.107017,
019-12-30 19:30:30.083803,115,,Citigroup Inc.,Financials,0,,,2019-12-30 19:30:30.107017,
019-12-30 19:30:30.083803,116,FG,Citizens Financial Group,Financials,0,,,2019-12-30 19:30:30.107017,
019-12-30 19:30:30.083803,117,TXS,Citrix Systems,Information Technology,0,,,2019-12-30 19:30:30.107017,
019-12-30 19:30:30.083803,118,ME,CME Group Inc.,Financials,0,,,2019-12-30 19:30:30.107017,
019-12-30 19:30:30.083803,119,MS,CMS Energy,Utilities,0,,,2019-12-30 19:30:30.107017,
019-12-30 19:30:30.083803,120,O,Coca-Cola Company (The),Consumer Staples,0,,,2019-12-30 19:30:30.107017,
019-12-30 19:30:30.083803,121,TSH,Cognizant Technology Solutions,Information Technology,0,,,2019-12-30 19:30:30.107017,
019-12-30 19:30:30.083803,122,L,Colgate-Palmolive,Consumer Staples,0,,,2019-12-30 19:30:30.107017,
019-12-30 19:30:30.083803,123,MCSA,Comcast Corp.,Consumer Discretionary,0,,,2019-12-30 19:30:30.107017,
019-12-30 19:30:30.083803,124,MA,Comerica Inc.,Financials,0,,,2019-12-30 19:30:30.107017,
019-12-30 19:30:30.083803,125,AG,Conagra Brands,Consumer Staples,0,,,2019-12-30 19:30:30.107017,
019-12-30 19:30:30.083803,126,XO,Concho Resources,Energy,0,,,2019-12-30 19:30:30.107017,
019-12-30 19:30:30.083803,127,OP,ConocoPhillips,Energy,0,,,2019-12-30 19:30:30.107017,
019-12-30 19:30:30.083803,128,D,Consolidated Edison,Utilities,0,,,2019-12-30 19:30:30.107017,
019-12-30 19:30:30.083803,129,TZ,Constellation Brands,Consumer Staples,0,,,2019-12-30 19:30:30.107017,
019-12-30 19:30:30.083803,130,LW,Corning Inc.,Information Technology,0,,,2019-12-30 19:30:30.107017,
019-12-30 19:30:30.083803,131,OST,Costco Wholesale Corp.,Consumer Staples,0,,,2019-12-30 19:30:30.107017,
019-12-30 19:30:30.083803,132,OTY,"Coty, Inc",Consumer Staples,0,,,2019-12-30 19:30:30.107017,
019-12-30 19:30:30.083803,133,CI,Crown Castle International Corp.,Real Estate,0,,,2019-12-30 19:30:30.107017,
019-12-30 19:30:30.083803,134,SRA,CSRA Inc.,Information Technology,0,,,2019-12-30 19:30:30.107017,
019-12-30 19:30:30.083803,135,SX,CSX Corp.,Industrials,0,,,2019-12-30 19:30:30.107017,
019-12-30 19:30:30.083803,136,MI,Cummins Inc.,Industrials,0,,,2019-12-30 19:30:30.107017,
019-12-30 19:30:30.083803,137,VS,CVS Health,Consumer Staples,0,,,2019-12-30 19:30:30.107017,
019-12-30 19:30:30.083803,138,HI,D. R. Horton,Consumer Discretionary,0,,,2019-12-30 19:30:30.107017,
019-12-30 19:30:30.083803,139,HR,Danaher Corp.,Health Care,0,,,2019-12-30 19:30:30.107017,
019-12-30 19:30:30.083803,140,RI,Darden Restaurants,Consumer Discretionary,0,,,2019-12-30 19:30:30.107017,
019-12-30 19:30:30.083803,141,VA,DaVita Inc.,Health Care,0,,,2019-12-30 19:30:30.107017,
019-12-30 19:30:30.083803,142,E,Deere & Co.,Industrials,0,,,2019-12-30 19:30:30.107017,
019-12-30 19:30:30.083803,143,AL,Delta Air Lines Inc.,Industrials,0,,,2019-12-30 19:30:30.107017,
019-12-30 19:30:30.083803,144,RAY,Dentsply Sirona,Health Care,0,,,2019-12-30 19:30:30.107017,
019-12-30 19:30:30.083803,145,VN,Devon Energy Corp.,Energy,0,,,2019-12-30 19:30:30.107017,
019-12-30 19:30:30.083803,146,LR,Digital Realty Trust Inc,Real Estate,0,,,2019-12-30 19:30:30.107017,
019-12-30 19:30:30.083803,147,FS,Discover Financial Services,Financials,0,,,2019-12-30 19:30:30.107017,
019-12-30 19:30:30.083803,148,ISCA,Discovery Inc. Class A,Consumer Discretionary,0,,,2019-12-30 19:30:30.107017,
019-12-30 19:30:30.083803,149,ISCK,Discovery Inc. Class C,Consumer Discretionary,0,,,2019-12-30 19:30:30.107017,
019-12-30 19:30:30.083803,150,ISH,Dish Network,Consumer Discretionary,0,,,2019-12-30 19:30:30.107017,
019-12-30 19:30:30.083803,151,G,Dollar General,Consumer Discretionary,0,,,2019-12-30 19:30:30.107017,
019-12-30 19:30:30.083803,152,LTR,Dollar Tree,Consumer Discretionary,0,,,2019-12-30 19:30:30.107017,
019-12-30 19:30:30.083803,153,,Dominion Energy,Utilities,0,,,2019-12-30 19:30:30.107017,
019-12-30 19:30:30.083803,154,OV,Dover Corp.,Industrials,0,,,2019-12-30 19:30:30.107017,
019-12-30 19:30:30.083803,155,WDP,DowDuPont,Materials,0,,,2019-12-30 19:30:30.107017,
019-12-30 19:30:30.083803,156,PS,Dr Pepper Snapple Group,Consumer Staples,0,,,2019-12-30 19:30:30.107017,
019-12-30 19:30:30.083803,157,TE,DTE Energy Co.,Utilities,0,,,2019-12-30 19:30:30.107017,
019-12-30 19:30:30.083803,158,UK,Duke Energy,Utilities,0,,,2019-12-30 19:30:30.107017,
019-12-30 19:30:30.083803,159,RE,Duke Realty Corp,Real Estate,0,,,2019-12-30 19:30:30.107017,
019-12-30 19:30:30.083803,160,XC,DXC Technology,Information Technology,0,,,2019-12-30 19:30:30.107017,
019-12-30 19:30:30.083803,161,TFC,E*Trade,Financials,0,,,2019-12-30 19:30:30.107017,
019-12-30 19:30:30.083803,162,MN,Eastman Chemical,Materials,0,,,2019-12-30 19:30:30.107017,
019-12-30 19:30:30.083803,163,TN,Eaton Corporation,Industrials,0,,,2019-12-30 19:30:30.107017,
019-12-30 19:30:30.083803,164,BAY,eBay Inc.,Information Technology,0,,,2019-12-30 19:30:30.107017,
019-12-30 19:30:30.083803,165,CL,Ecolab Inc.,Materials,0,,,2019-12-30 19:30:30.107017,
019-12-30 19:30:30.083803,166,IX,Edison Int'l,Utilities,0,,,2019-12-30 19:30:30.107017,
019-12-30 19:30:30.083803,167,W,Edwards Lifesciences,Health Care,0,,,2019-12-30 19:30:30.107017,
019-12-30 19:30:30.083803,168,A,Electronic Arts,Information Technology,0,,,2019-12-30 19:30:30.107017,
019-12-30 19:30:30.083803,169,MR,Emerson Electric Company,Industrials,0,,,2019-12-30 19:30:30.107017,
019-12-30 19:30:30.083803,170,TR,Entergy Corp.,Utilities,0,,,2019-12-30 19:30:30.107017,
019-12-30 19:30:30.083803,171,VHC,Envision Healthcare,Health Care,0,,,2019-12-30 19:30:30.107017,
019-12-30 19:30:30.083803,172,OG,EOG Resources,Energy,0,,,2019-12-30 19:30:30.107017,
019-12-30 19:30:30.083803,173,QT,EQT Corporation,Energy,0,,,2019-12-30 19:30:30.107017,
019-12-30 19:30:30.083803,174,FX,Equifax Inc.,Industrials,0,,,2019-12-30 19:30:30.107017,
019-12-30 19:30:30.083803,175,QIX,Equinix,Real Estate,0,,,2019-12-30 19:30:30.107017,
019-12-30 19:30:30.083803,176,QR,Equity Residential,Real Estate,0,,,2019-12-30 19:30:30.107017,
019-12-30 19:30:30.083803,177,SS,"Essex Property Trust, Inc.",Real Estate,0,,,2019-12-30 19:30:30.107017,
019-12-30 19:30:30.083803,178,L,Estee Lauder Cos.,Consumer Staples,0,,,2019-12-30 19:30:30.107017,
019-12-30 19:30:30.083803,179,E,Everest Re Group Ltd.,Financials,0,,,2019-12-30 19:30:30.107017,
019-12-30 19:30:30.083803,180,S,Eversource Energy,Utilities,0,,,2019-12-30 19:30:30.107017,
019-12-30 19:30:30.083803,181,XC,Exelon Corp.,Utilities,0,,,2019-12-30 19:30:30.107017,
019-12-30 19:30:30.083803,182,XPE,Expedia Inc.,Consumer Discretionary,0,,,2019-12-30 19:30:30.107017,
019-12-30 19:30:30.083803,183,XPD,Expeditors International,Industrials,0,,,2019-12-30 19:30:30.107017,
019-12-30 19:30:30.083803,184,SRX,Express Scripts,Health Care,0,,,2019-12-30 19:30:30.107017,
019-12-30 19:30:30.083803,185,XR,Extra Space Storage,Real Estate,0,,,2019-12-30 19:30:30.107017,
019-12-30 19:30:30.083803,186,OM,Exxon Mobil Corp.,Energy,0,,,2019-12-30 19:30:30.107017,
019-12-30 19:30:30.083803,187,FIV,F5 Networks,Information Technology,0,,,2019-12-30 19:30:30.107017,
019-12-30 19:30:30.083803,188,B,"Facebook, Inc.",Information Technology,0,,,2019-12-30 19:30:30.107017,
019-12-30 19:30:30.083803,189,AST,Fastenal Co,Industrials,0,,,2019-12-30 19:30:30.107017,
019-12-30 19:30:30.083803,190,RT,Federal Realty Investment Trust,Real Estate,0,,,2019-12-30 19:30:30.107017,
019-12-30 19:30:30.083803,191,DX,FedEx Corporation,Industrials,0,,,2019-12-30 19:30:30.107017,
019-12-30 19:30:30.083803,192,IS,Fidelity National Information Services,Information Technology,0,,,2019-12-30 19:30:30.107017,
019-12-30 19:30:30.083803,193,ITB,Fifth Third Bancorp,Financials,0,,,2019-12-30 19:30:30.107017,
019-12-30 19:30:30.083803,194,E,FirstEnergy Corp,Utilities,0,,,2019-12-30 19:30:30.107017,
019-12-30 19:30:30.083803,195,ISV,Fiserv Inc,Information Technology,0,,,2019-12-30 19:30:30.107017,
019-12-30 19:30:30.083803,196,LIR,FLIR Systems,Information Technology,0,,,2019-12-30 19:30:30.107017,
019-12-30 19:30:30.083803,197,LS,Flowserve Corporation,Industrials,0,,,2019-12-30 19:30:30.107017,
019-12-30 19:30:30.083803,198,LR,Fluor Corp.,Industrials,0,,,2019-12-30 19:30:30.107017,
019-12-30 19:30:30.083803,199,MC,FMC Corporation,Materials,0,,,2019-12-30 19:30:30.107017,
019-12-30 19:30:30.083803,200,L,Foot Locker Inc,Consumer Discretionary,0,,,2019-12-30 19:30:30.107017,
019-12-30 19:30:30.083803,201,,Ford Motor,Consumer Discretionary,0,,,2019-12-30 19:30:30.107017,
019-12-30 19:30:30.083803,202,TV,Fortive Corp,Industrials,0,,,2019-12-30 19:30:30.107017,
019-12-30 19:30:30.083803,203,BHS,Fortune Brands Home & Security,Industrials,0,,,2019-12-30 19:30:30.107017,
019-12-30 19:30:30.083803,204,EN,Franklin Resources,Financials,0,,,2019-12-30 19:30:30.107017,
019-12-30 19:30:30.083803,205,CX,Freeport-McMoRan Inc.,Materials,0,,,2019-12-30 19:30:30.107017,
019-12-30 19:30:30.083803,206,PS,Gap Inc.,Consumer Discretionary,0,,,2019-12-30 19:30:30.107017,
019-12-30 19:30:30.083803,207,RMN,Garmin Ltd.,Consumer Discretionary,0,,,2019-12-30 19:30:30.107017,
019-12-30 19:30:30.083803,208,T,Gartner Inc,Information Technology,0,,,2019-12-30 19:30:30.107017,
019-12-30 19:30:30.083803,209,D,General Dynamics,Industrials,0,,,2019-12-30 19:30:30.107017,
019-12-30 19:30:30.083803,210,E,General Electric,Industrials,0,,,2019-12-30 19:30:30.107017,
019-12-30 19:30:30.083803,211,GP,General Growth Properties Inc.,Real Estate,0,,,2019-12-30 19:30:30.107017,
019-12-30 19:30:30.083803,212,IS,General Mills,Consumer Staples,0,,,2019-12-30 19:30:30.107017,
019-12-30 19:30:30.083803,213,M,General Motors,Consumer Discretionary,0,,,2019-12-30 19:30:30.107017,
019-12-30 19:30:30.083803,214,PC,Genuine Parts,Consumer Discretionary,0,,,2019-12-30 19:30:30.107017,
019-12-30 19:30:30.083803,215,ILD,Gilead Sciences,Health Care,0,,,2019-12-30 19:30:30.107017,
019-12-30 19:30:30.083803,216,PN,Global Payments Inc.,Information Technology,0,,,2019-12-30 19:30:30.107017,
019-12-30 19:30:30.083803,217,S,Goldman Sachs Group,Financials,0,,,2019-12-30 19:30:30.107017,
019-12-30 19:30:30.083803,218,T,Goodyear Tire & Rubber,Consumer Discretionary,0,,,2019-12-30 19:30:30.107017,
019-12-30 19:30:30.083803,219,WW,Grainger (W.W.) Inc.,Industrials,0,,,2019-12-30 19:30:30.107017,
019-12-30 19:30:30.083803,220,AL,Halliburton Co.,Energy,0,,,2019-12-30 19:30:30.107017,
019-12-30 19:30:30.083803,221,BI,Hanesbrands Inc,Consumer Discretionary,0,,,2019-12-30 19:30:30.107017,
019-12-30 19:30:30.083803,222,OG,Harley-Davidson,Consumer Discretionary,0,,,2019-12-30 19:30:30.107017,
019-12-30 19:30:30.083803,223,RS,Harris Corporation,Information Technology,0,,,2019-12-30 19:30:30.107017,
019-12-30 19:30:30.083803,224,IG,Hartford Financial Svc.Gp.,Financials,0,,,2019-12-30 19:30:30.107017,
019-12-30 19:30:30.083803,225,AS,Hasbro Inc.,Consumer Discretionary,0,,,2019-12-30 19:30:30.107017,
019-12-30 19:30:30.083803,226,CA,HCA Holdings,Health Care,0,,,2019-12-30 19:30:30.107017,
019-12-30 19:30:30.083803,227,CP,HCP Inc.,Real Estate,0,,,2019-12-30 19:30:30.107017,
019-12-30 19:30:30.083803,228,P,Helmerich & Payne,Energy,0,,,2019-12-30 19:30:30.107017,
019-12-30 19:30:30.083803,229,SIC,Henry Schein,Health Care,0,,,2019-12-30 19:30:30.107017,
019-12-30 19:30:30.083803,230,ES,Hess Corporation,Energy,0,,,2019-12-30 19:30:30.107017,
019-12-30 19:30:30.083803,231,PE,Hewlett Packard Enterprise,Information Technology,0,,,2019-12-30 19:30:30.107017,
019-12-30 19:30:30.083803,232,LT,Hilton Worldwide Holdings Inc,Consumer Discretionary,0,,,2019-12-30 19:30:30.107017,
019-12-30 19:30:30.083803,233,OLX,Hologic,Health Care,0,,,2019-12-30 19:30:30.107017,
019-12-30 19:30:30.083803,234,D,Home Depot,Consumer Discretionary,0,,,2019-12-30 19:30:30.107017,
019-12-30 19:30:30.083803,235,ON,Honeywell Int'l Inc.,Industrials,0,,,2019-12-30 19:30:30.107017,
019-12-30 19:30:30.083803,236,RL,Hormel Foods Corp.,Consumer Staples,0,,,2019-12-30 19:30:30.107017,
019-12-30 19:30:30.083803,237,ST,Host Hotels & Resorts,Real Estate,0,,,2019-12-30 19:30:30.107017,
019-12-30 19:30:30.083803,238,PQ,HP Inc.,Information Technology,0,,,2019-12-30 19:30:30.107017,
019-12-30 19:30:30.083803,239,UM,Humana Inc.,Health Care,0,,,2019-12-30 19:30:30.107017,
019-12-30 19:30:30.083803,240,BAN,Huntington Bancshares,Financials,0,,,2019-12-30 19:30:30.107017,
019-12-30 19:30:30.083803,241,II,Huntington Ingalls Industries,Industrials,0,,,2019-12-30 19:30:30.107017,
019-12-30 19:30:30.083803,242,DXX,IDEXX Laboratories,Health Care,0,,,2019-12-30 19:30:30.107017,
019-12-30 19:30:30.083803,243,NFO,IHS Markit Ltd.,Industrials,0,,,2019-12-30 19:30:30.107017,
019-12-30 19:30:30.083803,244,TW,Illinois Tool Works,Industrials,0,,,2019-12-30 19:30:30.107017,
019-12-30 19:30:30.083803,245,LMN,Illumina Inc,Health Care,0,,,2019-12-30 19:30:30.107017,
019-12-30 19:30:30.083803,246,NCY,Incyte,Health Care,0,,,2019-12-30 19:30:30.107017,
019-12-30 19:30:30.083803,247,R,Ingersoll-Rand PLC,Industrials,0,,,2019-12-30 19:30:30.107017,
019-12-30 19:30:30.083803,248,NTC,Intel Corp.,Information Technology,0,,,2019-12-30 19:30:30.107017,
019-12-30 19:30:30.083803,249,CE,Intercontinental Exchange,Financials,0,,,2019-12-30 19:30:30.107017,
019-12-30 19:30:30.083803,250,BM,International Business Machines,Information Technology,0,,,2019-12-30 19:30:30.107017,
019-12-30 19:30:30.083803,251,P,International Paper,Materials,0,,,2019-12-30 19:30:30.107017,
019-12-30 19:30:30.083803,252,PG,Interpublic Group,Consumer Discretionary,0,,,2019-12-30 19:30:30.107017,
019-12-30 19:30:30.083803,253,FF,Intl Flavors & Fragrances,Materials,0,,,2019-12-30 19:30:30.107017,
019-12-30 19:30:30.083803,254,NTU,Intuit Inc.,Information Technology,0,,,2019-12-30 19:30:30.107017,
019-12-30 19:30:30.083803,255,SRG,Intuitive Surgical Inc.,Health Care,0,,,2019-12-30 19:30:30.107017,
019-12-30 19:30:30.083803,256,VZ,Invesco Ltd.,Financials,0,,,2019-12-30 19:30:30.107017,
019-12-30 19:30:30.083803,257,PGP,IPG Photonics Corp.,Information Technology,0,,,2019-12-30 19:30:30.107017,
019-12-30 19:30:30.083803,258,QV,IQVIA Holdings Inc.,Health Care,0,,,2019-12-30 19:30:30.107017,
019-12-30 19:30:30.083803,259,RM,Iron Mountain Incorporated,Real Estate,0,,,2019-12-30 19:30:30.107017,
019-12-30 19:30:30.083803,260,BHT,J. B. Hunt Transport Services,Industrials,0,,,2019-12-30 19:30:30.107017,
019-12-30 19:30:30.083803,261,EC,Jacobs Engineering Group,Industrials,0,,,2019-12-30 19:30:30.107017,
019-12-30 19:30:30.083803,262,JM,JM Smucker,Consumer Staples,0,,,2019-12-30 19:30:30.107017,
019-12-30 19:30:30.083803,263,NJ,Johnson & Johnson,Health Care,0,,,2019-12-30 19:30:30.107017,
019-12-30 19:30:30.083803,264,CI,Johnson Controls International,Industrials,0,,,2019-12-30 19:30:30.107017,
019-12-30 19:30:30.083803,265,PM,JPMorgan Chase & Co.,Financials,0,,,2019-12-30 19:30:30.107017,
019-12-30 19:30:30.083803,266,NPR,Juniper Networks,Information Technology,0,,,2019-12-30 19:30:30.107017,
019-12-30 19:30:30.083803,267,SU,Kansas City Southern,Industrials,0,,,2019-12-30 19:30:30.107017,
019-12-30 19:30:30.083803,268,K,Kellogg Co.,Consumer Staples,0,,,2019-12-30 19:30:30.107017,
019-12-30 19:30:30.083803,269,EY,KeyCorp,Financials,0,,,2019-12-30 19:30:30.107017,
019-12-30 19:30:30.083803,270,MB,Kimberly-Clark,Consumer Staples,0,,,2019-12-30 19:30:30.107017,
019-12-30 19:30:30.083803,271,IM,Kimco Realty,Real Estate,0,,,2019-12-30 19:30:30.107017,
019-12-30 19:30:30.083803,272,MI,Kinder Morgan,Energy,0,,,2019-12-30 19:30:30.107017,
019-12-30 19:30:30.083803,273,LAC,KLA-Tencor Corp.,Information Technology,0,,,2019-12-30 19:30:30.107017,
019-12-30 19:30:30.083803,274,SS,Kohl's Corp.,Consumer Discretionary,0,,,2019-12-30 19:30:30.107017,
019-12-30 19:30:30.083803,275,HC,Kraft Heinz Co,Consumer Staples,0,,,2019-12-30 19:30:30.107017,
019-12-30 19:30:30.083803,276,R,Kroger Co.,Consumer Staples,0,,,2019-12-30 19:30:30.107017,
019-12-30 19:30:30.083803,277,B,L Brands Inc.,Consumer Discretionary,0,,,2019-12-30 19:30:30.107017,
019-12-30 19:30:30.083803,278,LL,L-3 Communications Holdings,Industrials,0,,,2019-12-30 19:30:30.107017,
019-12-30 19:30:30.083803,279,H,Laboratory Corp. of America Holding,Health Care,0,,,2019-12-30 19:30:30.107017,
019-12-30 19:30:30.083803,280,RCX,Lam Research,Information Technology,0,,,2019-12-30 19:30:30.107017,
019-12-30 19:30:30.083803,281,EG,Leggett & Platt,Consumer Discretionary,0,,,2019-12-30 19:30:30.107017,
019-12-30 19:30:30.083803,282,EN,Lennar Corp.,Consumer Discretionary,0,,,2019-12-30 19:30:30.107017,
019-12-30 19:30:30.083803,283,UK,Leucadia National Corp.,Financials,0,,,2019-12-30 19:30:30.107017,
019-12-30 19:30:30.083803,284,LY,Lilly (Eli) & Co.,Health Care,0,,,2019-12-30 19:30:30.107017,
019-12-30 19:30:30.083803,285,NC,Lincoln National,Financials,0,,,2019-12-30 19:30:30.107017,
019-12-30 19:30:30.083803,286,KQ,LKQ Corporation,Consumer Discretionary,0,,,2019-12-30 19:30:30.107017,
019-12-30 19:30:30.083803,287,MT,Lockheed Martin Corp.,Industrials,0,,,2019-12-30 19:30:30.107017,
019-12-30 19:30:30.083803,288,,Loews Corp.,Financials,0,,,2019-12-30 19:30:30.107017,
019-12-30 19:30:30.083803,289,OW,Lowe's Cos.,Consumer Discretionary,0,,,2019-12-30 19:30:30.107017,
019-12-30 19:30:30.083803,290,YB,LyondellBasell,Materials,0,,,2019-12-30 19:30:30.107017,
019-12-30 19:30:30.083803,291,TB,M&T Bank Corp.,Financials,0,,,2019-12-30 19:30:30.107017,
019-12-30 19:30:30.083803,292,AC,Macerich,Real Estate,0,,,2019-12-30 19:30:30.107017,
019-12-30 19:30:30.083803,293,M,Macy's Inc.,Consumer Discretionary,0,,,2019-12-30 19:30:30.107017,
019-12-30 19:30:30.083803,294,RO,Marathon Oil Corp.,Energy,0,,,2019-12-30 19:30:30.107017,
019-12-30 19:30:30.083803,295,PC,Marathon Petroleum,Energy,0,,,2019-12-30 19:30:30.107017,
019-12-30 19:30:30.083803,296,AR,Marriott Int'l.,Consumer Discretionary,0,,,2019-12-30 19:30:30.107017,
019-12-30 19:30:30.083803,297,MC,Marsh & McLennan,Financials,0,,,2019-12-30 19:30:30.107017,
019-12-30 19:30:30.083803,298,LM,Martin Marietta Materials,Materials,0,,,2019-12-30 19:30:30.107017,
019-12-30 19:30:30.083803,299,AS,Masco Corp.,Industrials,0,,,2019-12-30 19:30:30.107017,
019-12-30 19:30:30.083803,300,A,Mastercard Inc.,Information Technology,0,,,2019-12-30 19:30:30.107017,
019-12-30 19:30:30.083803,301,AT,Mattel Inc.,Consumer Discretionary,0,,,2019-12-30 19:30:30.107017,
019-12-30 19:30:30.083803,302,KC,McCormick & Co.,Consumer Staples,0,,,2019-12-30 19:30:30.107017,
019-12-30 19:30:30.083803,303,CD,McDonald's Corp.,Consumer Discretionary,0,,,2019-12-30 19:30:30.107017,
019-12-30 19:30:30.083803,304,CK,McKesson Corp.,Health Care,0,,,2019-12-30 19:30:30.107017,
019-12-30 19:30:30.083803,305,DT,Medtronic plc,Health Care,0,,,2019-12-30 19:30:30.107017,
019-12-30 19:30:30.083803,306,RK,Merck & Co.,Health Care,0,,,2019-12-30 19:30:30.107017,
019-12-30 19:30:30.083803,307,ET,MetLife Inc.,Financials,0,,,2019-12-30 19:30:30.107017,
019-12-30 19:30:30.083803,308,TD,Mettler Toledo,Health Care,0,,,2019-12-30 19:30:30.107017,
019-12-30 19:30:30.083803,309,GM,MGM Resorts International,Consumer Discretionary,0,,,2019-12-30 19:30:30.107017,
019-12-30 19:30:30.083803,310,ORS,Michael Kors Holdings,Consumer Discretionary,0,,,2019-12-30 19:30:30.107017,
019-12-30 19:30:30.083803,311,CHP,Microchip Technology,Information Technology,0,,,2019-12-30 19:30:30.107017,
019-12-30 19:30:30.083803,312,U,Micron Technology,Information Technology,0,,,2019-12-30 19:30:30.107017,
019-12-30 19:30:30.083803,313,SFT,Microsoft Corp.,Information Technology,0,,,2019-12-30 19:30:30.107017,
019-12-30 19:30:30.083803,314,AA,Mid-America Apartments,Real Estate,0,,,2019-12-30 19:30:30.107017,
019-12-30 19:30:30.083803,315,HK,Mohawk Industries,Consumer Discretionary,0,,,2019-12-30 19:30:30.107017,
019-12-30 19:30:30.083803,316,AP,Molson Coors Brewing Company,Consumer Staples,0,,,2019-12-30 19:30:30.107017,
019-12-30 19:30:30.083803,317,DLZ,Mondelez International,Consumer Staples,0,,,2019-12-30 19:30:30.107017,
019-12-30 19:30:30.083803,318,ON,Monsanto Co.,Materials,0,,,2019-12-30 19:30:30.107017,
019-12-30 19:30:30.083803,319,NST,Monster Beverage,Consumer Staples,0,,,2019-12-30 19:30:30.107017,
019-12-30 19:30:30.083803,320,CO,Moody's Corp,Financials,0,,,2019-12-30 19:30:30.107017,
019-12-30 19:30:30.083803,321,S,Morgan Stanley,Financials,0,,,2019-12-30 19:30:30.107017,
019-12-30 19:30:30.083803,322,SI,Motorola Solutions Inc.,Information Technology,0,,,2019-12-30 19:30:30.107017,
019-12-30 19:30:30.083803,323,YL,Mylan N.V.,Health Care,0,,,2019-12-30 19:30:30.107017,
019-12-30 19:30:30.083803,324,DAQ,"Nasdaq, Inc.",Financials,0,,,2019-12-30 19:30:30.107017,
019-12-30 19:30:30.083803,325,OV,National Oilwell Varco Inc.,Energy,0,,,2019-12-30 19:30:30.107017,
019-12-30 19:30:30.083803,326,AVI,Navient,Financials,0,,,2019-12-30 19:30:30.107017,
019-12-30 19:30:30.083803,327,KTR,Nektar Therapeutics,Health Care,0,,,2019-12-30 19:30:30.107017,
019-12-30 19:30:30.083803,328,TAP,NetApp,Information Technology,0,,,2019-12-30 19:30:30.107017,
019-12-30 19:30:30.083803,329,FLX,Netflix Inc.,Information Technology,0,,,2019-12-30 19:30:30.107017,
019-12-30 19:30:30.083803,330,WL,Newell Brands,Consumer Discretionary,0,,,2019-12-30 19:30:30.107017,
019-12-30 19:30:30.083803,331,FX,Newfield Exploration Co,Energy,0,,,2019-12-30 19:30:30.107017,
019-12-30 19:30:30.083803,332,EM,Newmont Mining Corporation,Materials,0,,,2019-12-30 19:30:30.107017,
019-12-30 19:30:30.083803,333,WSA,News Corp. Class A,Consumer Discretionary,0,,,2019-12-30 19:30:30.107017,
019-12-30 19:30:30.083803,334,WS,News Corp. Class B,Consumer Discretionary,0,,,2019-12-30 19:30:30.107017,
019-12-30 19:30:30.083803,335,EE,NextEra Energy,Utilities,0,,,2019-12-30 19:30:30.107017,
019-12-30 19:30:30.083803,336,LSN,Nielsen Holdings,Industrials,0,,,2019-12-30 19:30:30.107017,
019-12-30 19:30:30.083803,337,KE,Nike,Consumer Discretionary,0,,,2019-12-30 19:30:30.107017,
019-12-30 19:30:30.083803,338,I,NiSource Inc.,Utilities,0,,,2019-12-30 19:30:30.107017,
019-12-30 19:30:30.083803,339,BL,Noble Energy Inc,Energy,0,,,2019-12-30 19:30:30.107017,
019-12-30 19:30:30.083803,340,WN,Nordstrom,Consumer Discretionary,0,,,2019-12-30 19:30:30.107017,
019-12-30 19:30:30.083803,341,SC,Norfolk Southern Corp.,Industrials,0,,,2019-12-30 19:30:30.107017,
019-12-30 19:30:30.083803,342,TRS,Northern Trust Corp.,Financials,0,,,2019-12-30 19:30:30.107017,
019-12-30 19:30:30.083803,343,OC,Northrop Grumman Corp.,Industrials,0,,,2019-12-30 19:30:30.107017,
019-12-30 19:30:30.083803,344,CLH,Norwegian Cruise Line,Consumer Discretionary,0,,,2019-12-30 19:30:30.107017,
019-12-30 19:30:30.083803,345,RG,NRG Energy,Utilities,0,,,2019-12-30 19:30:30.107017,
019-12-30 19:30:30.083803,346,UE,Nucor Corp.,Materials,0,,,2019-12-30 19:30:30.107017,
019-12-30 19:30:30.083803,347,VDA,Nvidia Corporation,Information Technology,0,,,2019-12-30 19:30:30.107017,
019-12-30 19:30:30.083803,348,RLY,O'Reilly Automotive,Consumer Discretionary,0,,,2019-12-30 19:30:30.107017,
019-12-30 19:30:30.083803,349,XY,Occidental Petroleum,Energy,0,,,2019-12-30 19:30:30.107017,
019-12-30 19:30:30.083803,350,MC,Omnicom Group,Consumer Discretionary,0,,,2019-12-30 19:30:30.107017,
019-12-30 19:30:30.083803,351,KE,ONEOK,Energy,0,,,2019-12-30 19:30:30.107017,
019-12-30 19:30:30.083803,352,RCL,Oracle Corp.,Information Technology,0,,,2019-12-30 19:30:30.107017,
019-12-30 19:30:30.083803,353,CAR,PACCAR Inc.,Industrials,0,,,2019-12-30 19:30:30.107017,
019-12-30 19:30:30.083803,354,KG,Packaging Corporation of America,Materials,0,,,2019-12-30 19:30:30.107017,
019-12-30 19:30:30.083803,355,H,Parker-Hannifin,Industrials,0,,,2019-12-30 19:30:30.107017,
019-12-30 19:30:30.083803,356,AYX,Paychex Inc.,Information Technology,0,,,2019-12-30 19:30:30.107017,
019-12-30 19:30:30.083803,357,YPL,PayPal,Information Technology,0,,,2019-12-30 19:30:30.107017,
019-12-30 19:30:30.083803,358,NR,Pentair Ltd.,Industrials,0,,,2019-12-30 19:30:30.107017,
019-12-30 19:30:30.083803,359,BCT,People's United Financial,Financials,0,,,2019-12-30 19:30:30.107017,
019-12-30 19:30:30.083803,360,EP,PepsiCo Inc.,Consumer Staples,0,,,2019-12-30 19:30:30.107017,
019-12-30 19:30:30.083803,361,KI,PerkinElmer,Health Care,0,,,2019-12-30 19:30:30.107017,
019-12-30 19:30:30.083803,362,RGO,Perrigo,Health Care,0,,,2019-12-30 19:30:30.107017,
019-12-30 19:30:30.083803,363,FE,Pfizer Inc.,Health Care,0,,,2019-12-30 19:30:30.107017,
019-12-30 19:30:30.083803,364,CG,PG&E Corp.,Utilities,0,,,2019-12-30 19:30:30.107017,
019-12-30 19:30:30.083803,365,M,Philip Morris International,Consumer Staples,0,,,2019-12-30 19:30:30.107017,
019-12-30 19:30:30.083803,366,SX,Phillips 66,Energy,0,,,2019-12-30 19:30:30.107017,
019-12-30 19:30:30.083803,367,NW,Pinnacle West Capital,Utilities,0,,,2019-12-30 19:30:30.107017,
019-12-30 19:30:30.083803,368,XD,Pioneer Natural Resources,Energy,0,,,2019-12-30 19:30:30.107017,
019-12-30 19:30:30.083803,369,NC,PNC Financial Services,Financials,0,,,2019-12-30 19:30:30.107017,
019-12-30 19:30:30.083803,370,L,Polo Ralph Lauren Corp.,Consumer Discretionary,0,,,2019-12-30 19:30:30.107017,
019-12-30 19:30:30.083803,371,PG,PPG Industries,Materials,0,,,2019-12-30 19:30:30.107017,
019-12-30 19:30:30.083803,372,PL,PPL Corp.,Utilities,0,,,2019-12-30 19:30:30.107017,
019-12-30 19:30:30.083803,373,X,Praxair Inc.,Materials,0,,,2019-12-30 19:30:30.107017,
019-12-30 19:30:30.083803,374,FG,Principal Financial Group,Financials,0,,,2019-12-30 19:30:30.107017,
019-12-30 19:30:30.083803,375,G,Procter & Gamble,Consumer Staples,0,,,2019-12-30 19:30:30.107017,
019-12-30 19:30:30.083803,376,GR,Progressive Corp.,Financials,0,,,2019-12-30 19:30:30.107017,
019-12-30 19:30:30.083803,377,LD,Prologis,Real Estate,0,,,2019-12-30 19:30:30.107017,
019-12-30 19:30:30.083803,378,RU,Prudential Financial,Financials,0,,,2019-12-30 19:30:30.107017,
019-12-30 19:30:30.083803,379,EG,Public Serv. Enterprise Inc.,Utilities,0,,,2019-12-30 19:30:30.107017,
019-12-30 19:30:30.083803,380,SA,Public Storage,Real Estate,0,,,2019-12-30 19:30:30.107017,
019-12-30 19:30:30.083803,381,HM,Pulte Homes Inc.,Consumer Discretionary,0,,,2019-12-30 19:30:30.107017,
019-12-30 19:30:30.083803,382,VH,PVH Corp.,Consumer Discretionary,0,,,2019-12-30 19:30:30.107017,
019-12-30 19:30:30.083803,383,RVO,Qorvo,Information Technology,0,,,2019-12-30 19:30:30.107017,
019-12-30 19:30:30.083803,384,COM,QUALCOMM Inc.,Information Technology,0,,,2019-12-30 19:30:30.107017,
019-12-30 19:30:30.083803,385,WR,Quanta Services Inc.,Industrials,0,,,2019-12-30 19:30:30.107017,
019-12-30 19:30:30.083803,386,GX,Quest Diagnostics,Health Care,0,,,2019-12-30 19:30:30.107017,
019-12-30 19:30:30.083803,387,RC,Range Resources Corp.,Energy,0,,,2019-12-30 19:30:30.107017,
019-12-30 19:30:30.083803,388,JF,Raymond James Financial Inc.,Financials,0,,,2019-12-30 19:30:30.107017,
019-12-30 19:30:30.083803,389,TN,Raytheon Co.,Industrials,0,,,2019-12-30 19:30:30.107017,
019-12-30 19:30:30.083803,390,,Realty Income Corporation,Real Estate,0,,,2019-12-30 19:30:30.107017,
019-12-30 19:30:30.083803,391,HT,Red Hat Inc.,Information Technology,0,,,2019-12-30 19:30:30.107017,
019-12-30 19:30:30.083803,392,EG,Regency Centers Corporation,Real Estate,0,,,2019-12-30 19:30:30.107017,
019-12-30 19:30:30.083803,393,EGN,Regeneron,Health Care,0,,,2019-12-30 19:30:30.107017,
019-12-30 19:30:30.083803,394,F,Regions Financial Corp.,Financials,0,,,2019-12-30 19:30:30.107017,
019-12-30 19:30:30.083803,395,SG,Republic Services Inc,Industrials,0,,,2019-12-30 19:30:30.107017,
019-12-30 19:30:30.083803,396,MD,ResMed,Health Care,0,,,2019-12-30 19:30:30.107017,
019-12-30 19:30:30.083803,397,HI,Robert Half International,Industrials,0,,,2019-12-30 19:30:30.107017,
019-12-30 19:30:30.083803,398,OK,Rockwell Automation Inc.,Industrials,0,,,2019-12-30 19:30:30.107017,
019-12-30 19:30:30.083803,399,OL,Rockwell Collins,Industrials,0,,,2019-12-30 19:30:30.107017,
019-12-30 19:30:30.083803,400,OP,Roper Technologies,Industrials,0,,,2019-12-30 19:30:30.107017,
019-12-30 19:30:30.083803,401,OST,Ross Stores,Consumer Discretionary,0,,,2019-12-30 19:30:30.107017,
019-12-30 19:30:30.083803,402,CL,Royal Caribbean Cruises Ltd,Consumer Discretionary,0,,,2019-12-30 19:30:30.107017,
019-12-30 19:30:30.083803,403,PGI,"S&P Global, Inc.",Financials,0,,,2019-12-30 19:30:30.107017,
019-12-30 19:30:30.083803,404,RM,Salesforce.com,Information Technology,0,,,2019-12-30 19:30:30.107017,
019-12-30 19:30:30.083803,405,BAC,SBA Communications,Real Estate,0,,,2019-12-30 19:30:30.107017,
019-12-30 19:30:30.083803,406,CG,SCANA Corp,Utilities,0,,,2019-12-30 19:30:30.107017,
019-12-30 19:30:30.083803,407,LB,Schlumberger Ltd.,Energy,0,,,2019-12-30 19:30:30.107017,
019-12-30 19:30:30.083803,408,TX,Seagate Technology,Information Technology,0,,,2019-12-30 19:30:30.107017,
019-12-30 19:30:30.083803,409,EE,Sealed Air,Materials,0,,,2019-12-30 19:30:30.107017,
019-12-30 19:30:30.083803,410,RE,Sempra Energy,Utilities,0,,,2019-12-30 19:30:30.107017,
019-12-30 19:30:30.083803,411,HW,Sherwin-Williams,Materials,0,,,2019-12-30 19:30:30.107017,
019-12-30 19:30:30.083803,412,PG,Simon Property Group Inc,Real Estate,0,,,2019-12-30 19:30:30.107017,
019-12-30 19:30:30.083803,413,WKS,Skyworks Solutions,Information Technology,0,,,2019-12-30 19:30:30.107017,
019-12-30 19:30:30.083803,414,LG,SL Green Realty,Real Estate,0,,,2019-12-30 19:30:30.107017,
019-12-30 19:30:30.083803,415,NA,Snap-On Inc.,Consumer Discretionary,0,,,2019-12-30 19:30:30.107017,
019-12-30 19:30:30.083803,416,O,Southern Co.,Utilities,0,,,2019-12-30 19:30:30.107017,
019-12-30 19:30:30.083803,417,UV,Southwest Airlines,Industrials,0,,,2019-12-30 19:30:30.107017,
019-12-30 19:30:30.083803,418,WK,Stanley Black & Decker,Consumer Discretionary,0,,,2019-12-30 19:30:30.107017,
019-12-30 19:30:30.083803,419,BUX,Starbucks Corp.,Consumer Discretionary,0,,,2019-12-30 19:30:30.107017,
019-12-30 19:30:30.083803,420,TT,State Street Corp.,Financials,0,,,2019-12-30 19:30:30.107017,
019-12-30 19:30:30.083803,421,RCL,Stericycle Inc,Industrials,0,,,2019-12-30 19:30:30.107017,
019-12-30 19:30:30.083803,422,YK,Stryker Corp.,Health Care,0,,,2019-12-30 19:30:30.107017,
019-12-30 19:30:30.083803,423,TI,SunTrust Banks,Financials,0,,,2019-12-30 19:30:30.107017,
019-12-30 19:30:30.083803,424,IVB,SVB Financial,Financials,0,,,2019-12-30 19:30:30.107017,
019-12-30 19:30:30.083803,425,YMC,Symantec Corp.,Information Technology,0,,,2019-12-30 19:30:30.107017,
019-12-30 19:30:30.083803,426,YF,Synchrony Financial,Financials,0,,,2019-12-30 19:30:30.107017,
019-12-30 19:30:30.083803,427,NPS,Synopsys Inc.,Information Technology,0,,,2019-12-30 19:30:30.107017,
019-12-30 19:30:30.083803,428,YY,Sysco Corp.,Consumer Staples,0,,,2019-12-30 19:30:30.107017,
019-12-30 19:30:30.083803,429,ROW,T. Rowe Price Group,Financials,0,,,2019-12-30 19:30:30.107017,
019-12-30 19:30:30.083803,430,TWO,Take-Two Interactive,Information Technology,0,,,2019-12-30 19:30:30.107017,
019-12-30 19:30:30.083803,431,PR,"Tapestry, Inc.",Consumer Discretionary,0,,,2019-12-30 19:30:30.107017,
019-12-30 19:30:30.083803,432,GT,Target Corp.,Consumer Discretionary,0,,,2019-12-30 19:30:30.107017,
019-12-30 19:30:30.083803,433,EL,TE Connectivity Ltd.,Information Technology,0,,,2019-12-30 19:30:30.107017,
019-12-30 19:30:30.083803,434,TI,TechnipFMC,Energy,0,,,2019-12-30 19:30:30.107017,
019-12-30 19:30:30.083803,435,XN,Texas Instruments,Information Technology,0,,,2019-12-30 19:30:30.107017,
019-12-30 19:30:30.083803,436,XT,Textron Inc.,Industrials,0,,,2019-12-30 19:30:30.107017,
019-12-30 19:30:30.083803,437,K,The Bank of New York Mellon Corp.,Financials,0,,,2019-12-30 19:30:30.107017,
019-12-30 19:30:30.083803,438,LX,The Clorox Company,Consumer Staples,0,,,2019-12-30 19:30:30.107017,
019-12-30 19:30:30.083803,439,OO,The Cooper Companies,Health Care,0,,,2019-12-30 19:30:30.107017,
019-12-30 19:30:30.083803,440,SY,The Hershey Company,Consumer Staples,0,,,2019-12-30 19:30:30.107017,
019-12-30 19:30:30.083803,441,OS,The Mosaic Company,Materials,0,,,2019-12-30 19:30:30.107017,
019-12-30 19:30:30.083803,442,RV,The Travelers Companies Inc.,Financials,0,,,2019-12-30 19:30:30.107017,
019-12-30 19:30:30.083803,443,IS,The Walt Disney Company,Consumer Discretionary,0,,,2019-12-30 19:30:30.107017,
019-12-30 19:30:30.083803,444,MO,Thermo Fisher Scientific,Health Care,0,,,2019-12-30 19:30:30.107017,
019-12-30 19:30:30.083803,445,IF,Tiffany & Co.,Consumer Discretionary,0,,,2019-12-30 19:30:30.107017,
019-12-30 19:30:30.083803,446,WX,Time Warner Inc.,Consumer Discretionary,0,,,2019-12-30 19:30:30.107017,
019-12-30 19:30:30.083803,447,JX,TJX Companies Inc.,Consumer Discretionary,0,,,2019-12-30 19:30:30.107017,
019-12-30 19:30:30.083803,448,MK,Torchmark Corp.,Financials,0,,,2019-12-30 19:30:30.107017,
019-12-30 19:30:30.083803,449,SS,Total System Services,Information Technology,0,,,2019-12-30 19:30:30.107017,
019-12-30 19:30:30.083803,450,SCO,Tractor Supply Company,Consumer Discretionary,0,,,2019-12-30 19:30:30.107017,
019-12-30 19:30:30.083803,451,DG,TransDigm Group,Industrials,0,,,2019-12-30 19:30:30.107017,
019-12-30 19:30:30.083803,452,RIP,TripAdvisor,Consumer Discretionary,0,,,2019-12-30 19:30:30.107017,
019-12-30 19:30:30.083803,453,OXA,Twenty-First Century Fox Class A,Consumer Discretionary,0,,,2019-12-30 19:30:30.107017,
019-12-30 19:30:30.083803,454,OX,Twenty-First Century Fox Class B,Consumer Discretionary,0,,,2019-12-30 19:30:30.107017,
019-12-30 19:30:30.083803,455,SN,Tyson Foods,Consumer Staples,0,,,2019-12-30 19:30:30.107017,
019-12-30 19:30:30.083803,456,SB,U.S. Bancorp,Financials,0,,,2019-12-30 19:30:30.107017,
019-12-30 19:30:30.083803,457,DR,UDR Inc,Real Estate,0,,,2019-12-30 19:30:30.107017,
019-12-30 19:30:30.083803,458,LTA,Ulta Beauty,Consumer Discretionary,0,,,2019-12-30 19:30:30.107017,
019-12-30 19:30:30.083803,459,AA,Under Armour Class A,Consumer Discretionary,0,,,2019-12-30 19:30:30.107017,
019-12-30 19:30:30.083803,460,A,Under Armour Class C,Consumer Discretionary,0,,,2019-12-30 19:30:30.107017,
019-12-30 19:30:30.083803,461,NP,Union Pacific,Industrials,0,,,2019-12-30 19:30:30.107017,
019-12-30 19:30:30.083803,462,AL,United Continental Holdings,Industrials,0,,,2019-12-30 19:30:30.107017,
019-12-30 19:30:30.083803,463,NH,United Health Group Inc.,Health Care,0,,,2019-12-30 19:30:30.107017,
019-12-30 19:30:30.083803,464,PS,United Parcel Service,Industrials,0,,,2019-12-30 19:30:30.107017,
019-12-30 19:30:30.083803,465,RI,"United Rentals, Inc.",Industrials,0,,,2019-12-30 19:30:30.107017,
019-12-30 19:30:30.083803,466,TX,United Technologies,Industrials,0,,,2019-12-30 19:30:30.107017,
019-12-30 19:30:30.083803,467,HS,"Universal Health Services, Inc.",Health Care,0,,,2019-12-30 19:30:30.107017,
019-12-30 19:30:30.083803,468,NM,Unum Group,Financials,0,,,2019-12-30 19:30:30.107017,
019-12-30 19:30:30.083803,469,FC,V.F. Corp.,Consumer Discretionary,0,,,2019-12-30 19:30:30.107017,
019-12-30 19:30:30.083803,470,LO,Valero Energy,Energy,0,,,2019-12-30 19:30:30.107017,
019-12-30 19:30:30.083803,471,AR,Varian Medical Systems,Health Care,0,,,2019-12-30 19:30:30.107017,
019-12-30 19:30:30.083803,472,TR,Ventas Inc,Real Estate,0,,,2019-12-30 19:30:30.107017,
019-12-30 19:30:30.083803,473,RSN,Verisign Inc.,Information Technology,0,,,2019-12-30 19:30:30.107017,
019-12-30 19:30:30.083803,474,RSK,Verisk Analytics,Industrials,0,,,2019-12-30 19:30:30.107017,
019-12-30 19:30:30.083803,475,Z,Verizon Communications,Telecommunication Services,0,,,2019-12-30 19:30:30.107017,
019-12-30 19:30:30.083803,476,RTX,Vertex Pharmaceuticals Inc,Health Care,0,,,2019-12-30 19:30:30.107017,
019-12-30 19:30:30.083803,477,IAB,Viacom Inc.,Consumer Discretionary,0,,,2019-12-30 19:30:30.107017,
019-12-30 19:30:30.083803,478,,Visa Inc.,Information Technology,0,,,2019-12-30 19:30:30.107017,
019-12-30 19:30:30.083803,479,NO,Vornado Realty Trust,Real Estate,0,,,2019-12-30 19:30:30.107017,
019-12-30 19:30:30.083803,480,MC,Vulcan Materials,Materials,0,,,2019-12-30 19:30:30.107017,
019-12-30 19:30:30.083803,481,MT,Wal-Mart Stores,Consumer Staples,0,,,2019-12-30 19:30:30.107017,
019-12-30 19:30:30.083803,482,BA,Walgreens Boots Alliance,Consumer Staples,0,,,2019-12-30 19:30:30.107017,
019-12-30 19:30:30.083803,483,M,Waste Management Inc.,Industrials,0,,,2019-12-30 19:30:30.107017,
019-12-30 19:30:30.083803,484,AT,Waters Corporation,Health Care,0,,,2019-12-30 19:30:30.107017,
019-12-30 19:30:30.083803,485,EC,Wec Energy Group Inc,Utilities,0,,,2019-12-30 19:30:30.107017,
019-12-30 19:30:30.083803,486,FC,Wells Fargo,Financials,0,,,2019-12-30 19:30:30.107017,
019-12-30 19:30:30.083803,487,ELL,Welltower Inc.,Real Estate,0,,,2019-12-30 19:30:30.107017,
019-12-30 19:30:30.083803,488,DC,Western Digital,Information Technology,0,,,2019-12-30 19:30:30.107017,
019-12-30 19:30:30.083803,489,U,Western Union Co,Information Technology,0,,,2019-12-30 19:30:30.107017,
019-12-30 19:30:30.083803,490,RK,WestRock Company,Materials,0,,,2019-12-30 19:30:30.107017,
019-12-30 19:30:30.083803,491,Y,Weyerhaeuser Corp.,Real Estate,0,,,2019-12-30 19:30:30.107017,
019-12-30 19:30:30.083803,492,HR,Whirlpool Corp.,Consumer Discretionary,0,,,2019-12-30 19:30:30.107017,
019-12-30 19:30:30.083803,493,MB,Williams Cos.,Energy,0,,,2019-12-30 19:30:30.107017,
019-12-30 19:30:30.083803,494,LTW,Willis Towers Watson,Financials,0,,,2019-12-30 19:30:30.107017,
019-12-30 19:30:30.083803,495,YN,Wyndham Worldwide,Consumer Discretionary,0,,,2019-12-30 19:30:30.107017,
019-12-30 19:30:30.083803,496,YNN,Wynn Resorts Ltd,Consumer Discretionary,0,,,2019-12-30 19:30:30.107017,
019-12-30 19:30:30.083803,497,EL,Xcel Energy Inc,Utilities,0,,,2019-12-30 19:30:30.107017,
019-12-30 19:30:30.083803,498,RX,Xerox Corp.,Information Technology,0,,,2019-12-30 19:30:30.107017,
019-12-30 19:30:30.083803,499,LNX,Xilinx Inc,Information Technology,0,,,2019-12-30 19:30:30.107017,
019-12-30 19:30:30.083803,500,L,XL Capital,Financials,0,,,2019-12-30 19:30:30.107017,
019-12-30 19:30:30.083803,501,YL,Xylem Inc.,Industrials,0,,,2019-12-30 19:30:30.107017,
019-12-30 19:30:30.083803,502,UM,Yum! Brands Inc,Consumer Discretionary,0,,,2019-12-30 19:30:30.107017,
019-12-30 19:30:30.083803,503,BH,Zimmer Biomet Holdings,Health Care,0,,,2019-12-30 19:30:30.107017,
019-12-30 19:30:30.083803,504,ION,Zions Bancorp,Financials,0,,,2019-12-30 19:30:30.107017,
019-12-30 19:30:30.083803,505,TS,Zoetis,Health Care,0,,,2019-12-30 19:30:30.107017,
